eps,silhouette_score,cluster_num
0.05,0.2504318078278312,58
0.1,0.5995424463607305,6
